{
  "hash": "80d266ee",
  "configHash": "5192de8f",
  "lockfileHash": "dc03e560",
  "browserHash": "9edb7455",
  "optimized": {
    "@angular/common": {
      "src": "../../../../../node_modules/@angular/common/fesm2022/common.mjs",
      "file": "@angular_common.js",
      "fileHash": "f93852a7",
      "needsInterop": false
    },
    "@angular/common/http": {
      "src": "../../../../../node_modules/@angular/common/fesm2022/http.mjs",
      "file": "@angular_common_http.js",
      "fileHash": "388d01c9",
      "needsInterop": false
    },
    "@angular/core": {
      "src": "../../../../../node_modules/@angular/core/fesm2022/core.mjs",
      "file": "@angular_core.js",
      "fileHash": "f5b1aabb",
      "needsInterop": false
    },
    "@angular/forms": {
      "src": "../../../../../node_modules/@angular/forms/fesm2022/forms.mjs",
      "file": "@angular_forms.js",
      "fileHash": "19249e6b",
      "needsInterop": false
    },
    "@angular/platform-browser": {
      "src": "../../../../../node_modules/@angular/platform-browser/fesm2022/platform-browser.mjs",
      "file": "@angular_platform-browser.js",
      "fileHash": "4dd05746",
      "needsInterop": false
    },
    "@angular/router": {
      "src": "../../../../../node_modules/@angular/router/fesm2022/router.mjs",
      "file": "@angular_router.js",
      "fileHash": "35968b1f",
      "needsInterop": false
    },
    "@ngrx/store": {
      "src": "../../../../../node_modules/@ngrx/store/fesm2022/ngrx-store.mjs",
      "file": "@ngrx_store.js",
      "fileHash": "4ce73262",
      "needsInterop": false
    },
    "rxjs": {
      "src": "../../../../../node_modules/rxjs/dist/esm5/index.js",
      "file": "rxjs.js",
      "fileHash": "343ae7ba",
      "needsInterop": false
    }
  },
  "chunks": {
    "chunk-BQD3D3FD": {
      "file": "chunk-BQD3D3FD.js"
    },
    "chunk-EIV36KLU": {
      "file": "chunk-EIV36KLU.js"
    },
    "chunk-DNIPCOIB": {
      "file": "chunk-DNIPCOIB.js"
    },
    "chunk-UC6QHQD3": {
      "file": "chunk-UC6QHQD3.js"
    },
    "chunk-SXIXOCJ4": {
      "file": "chunk-SXIXOCJ4.js"
    }
  }
}